Title,Company,Reward,Link
Flutter 개발자 (병역특례_현역/보충역),넛지헬스케어(캐시워크),넛지헬스케어(캐시워크),https://www.wanted.co.kr/wd/168259
[플젝클라우드] 앱 통합 및 클라우드서비스 앱 Flutter 개발자,지후소프트,지후소프트,https://www.wanted.co.kr/wd/258547
Flutter 앱 개발자 (5년 이상),트리플콤마(골드스푼),트리플콤마(골드스푼),https://www.wanted.co.kr/wd/228740
Flutter 개발자 (3~7년),핑퐁,핑퐁,https://www.wanted.co.kr/wd/257394
[블루프로그] Flutter 앱 개발자 (3년 이상),청개구리(BLUEFROG),청개구리(BLUEFROG),https://www.wanted.co.kr/wd/258543
Flutter 개발자,잉글리시에그,잉글리시에그,https://www.wanted.co.kr/wd/258973
[SW팀] 크로스플랫폼 앱 개발자(Flutter),이노버스,이노버스,https://www.wanted.co.kr/wd/249843
"앱(Flutter) 개발자 (7~10년, 리더)",중고나라,중고나라,https://www.wanted.co.kr/wd/256682
Flutter 개발자 (병역특례_현역/보충역),넛지헬스케어(캐시워크),넛지헬스케어(캐시워크),https://www.wanted.co.kr/wd/168259
[플젝클라우드] 앱 통합 및 클라우드서비스 앱 Flutter 개발자,지후소프트,지후소프트,https://www.wanted.co.kr/wd/258547
Flutter 앱 개발자 (5년 이상),트리플콤마(골드스푼),트리플콤마(골드스푼),https://www.wanted.co.kr/wd/228740
Flutter 개발자 (3~7년),핑퐁,핑퐁,https://www.wanted.co.kr/wd/257394
[블루프로그] Flutter 앱 개발자 (3년 이상),청개구리(BLUEFROG),청개구리(BLUEFROG),https://www.wanted.co.kr/wd/258543
Flutter 개발자,잉글리시에그,잉글리시에그,https://www.wanted.co.kr/wd/258973
[SW팀] 크로스플랫폼 앱 개발자(Flutter),이노버스,이노버스,https://www.wanted.co.kr/wd/249843
"앱(Flutter) 개발자 (7~10년, 리더)",중고나라,중고나라,https://www.wanted.co.kr/wd/256682
"Full Stack Software Engineer (Golang, Flutter)",리디(RIDI),리디(RIDI),https://www.wanted.co.kr/wd/259929
Flutter 개발자,한국클라우드,한국클라우드,https://www.wanted.co.kr/wd/256864
앱(Flutter) 개발,어플레이즈,어플레이즈,https://www.wanted.co.kr/wd/258622
Senior Mobile App Developer (Flutter),에이아이커넥트,에이아이커넥트,https://www.wanted.co.kr/wd/258900
Flutter 개발자,코보시스,코보시스,https://www.wanted.co.kr/wd/99737
Flutter 앱 개발자 (3년 이상),에픽코퍼레이션,에픽코퍼레이션,https://www.wanted.co.kr/wd/243987
프론트엔드 개발자(React-native/Flutter),그위피파트너스,그위피파트너스,https://www.wanted.co.kr/wd/234764
[이리온] Flutter App 개발자,폴라리스쓰리디(Polaris3D),폴라리스쓰리디(Polaris3D),https://www.wanted.co.kr/wd/254715
Flutter 앱 / Node.js 개발자,인졀미,인졀미,https://www.wanted.co.kr/wd/210107
[계약직] Flutter / node.js 개발자,인졀미,인졀미,https://www.wanted.co.kr/wd/238403
Flutter App 개발자,제네시스네스트,제네시스네스트,https://www.wanted.co.kr/wd/232666
[앱] Flutter 개발자,에이아이커넥트,에이아이커넥트,https://www.wanted.co.kr/wd/260197
렌탈 서비스 개발 프로젝트 Flutter 개발자 (고급),이그레브,이그레브,https://www.wanted.co.kr/wd/226388
Flutter 모바일 개발,버터플라잉,버터플라잉,https://www.wanted.co.kr/wd/215084
백엔드 개발자,코세틱,코세틱,https://www.wanted.co.kr/wd/259385
[Payment Blockchain] App 개발자 (Flutter),앤서스랩코리아,앤서스랩코리아,https://www.wanted.co.kr/wd/255827
모바일 앱 개발자 (Flutter),시어스랩(Seerslab),시어스랩(Seerslab),https://www.wanted.co.kr/wd/253356
프론트엔드 개발자 (React-native / flutter),아파트멘터리,아파트멘터리,https://www.wanted.co.kr/wd/165183
Flutter 개발자,인피니티익스체인지코리아,인피니티익스체인지코리아,https://www.wanted.co.kr/wd/230172
[Plus]Flutter 개발자,앤서스랩코리아,앤서스랩코리아,https://www.wanted.co.kr/wd/256645
프론트엔드(Flutter) 개발자,컨두잇,컨두잇,https://www.wanted.co.kr/wd/199372
Flutter 앱 개발자,플랙스뉴럴랩스,플랙스뉴럴랩스,https://www.wanted.co.kr/wd/247312
Flutter 개발자(2년 이상),랭디,랭디,https://www.wanted.co.kr/wd/257102
Backend Developer,피닉스다트,피닉스다트,https://www.wanted.co.kr/wd/254844
Flutter(Android) 앱개발자,에버엑스,에버엑스,https://www.wanted.co.kr/wd/44773
모바일 앱 소프트웨어 개발 (Flutter / iOS / Android),블록체인랩스,블록체인랩스,https://www.wanted.co.kr/wd/138923
App 개발자,에이치비엠피,에이치비엠피,https://www.wanted.co.kr/wd/160644
Tech Lead,아파트멘터리,아파트멘터리,https://www.wanted.co.kr/wd/246350
클라이언트(flutter) 개발자,스쿨버스,스쿨버스,https://www.wanted.co.kr/wd/201909
iOS 리드 개발자,엘리스,엘리스,https://www.wanted.co.kr/wd/198720
"프론트엔드 / 모바일 (Vue, Flutter) 엔지니어",드래프티파이,드래프티파이,https://www.wanted.co.kr/wd/220132
UI/UX 디자이너,프리핀스,프리핀스,https://www.wanted.co.kr/wd/245560
프론트 엔지니어,퀀팃,퀀팃,https://www.wanted.co.kr/wd/207291
플러터 개발자(3~8년),래딩랩스,래딩랩스,https://www.wanted.co.kr/wd/248956
[신입] Flutter 앱 / Node.js 개발자,인졀미,인졀미,https://www.wanted.co.kr/wd/210056
블록체인 및 STO 백엔드/풀스택 개발자,리턴플러스,리턴플러스,https://www.wanted.co.kr/wd/246519
모바일 앱 개발자,엔에이치44,엔에이치44,https://www.wanted.co.kr/wd/245410
R&D팀 앱 개발자,엠투클라우드,엠투클라우드,https://www.wanted.co.kr/wd/204888
프론트엔드 개발자,플립커뮤니케이션즈,플립커뮤니케이션즈,https://www.wanted.co.kr/wd/120477
Site Reliability Engineer,하이퍼커넥트,하이퍼커넥트,https://www.wanted.co.kr/wd/202044
백엔드 및 서버 개발자,스쿨버스,스쿨버스,https://www.wanted.co.kr/wd/203740
